K01	Lolos
K02	Lolos
K03	Lolos
K04	Lolos
K05	Lolos
K06	Lolos
K07	Lolos
K08	Lolos
K09	Lolos
K10	Lolos
K11	Lolos
K12	Lolos
K13	Lolos
K14	Lolos
K15	Lolos
K16	BELUM: poni harus menutup mata kanan
K17	Lolos
K18	Lolos
K19	Lolos
K20	BELUM: generate ulang tanpa teks liar
K30	Lolos
K31	Lolos
K32	Lolos
K33	Lolos
K34	Lolos
K35	Lolos
K36	Lolos
K37	Lolos
K38	Lolos
K39	Lolos
K40	Lolos
K41	Lolos
K42	Lolos (crop kotak kosong kiri bawah)
K43	BELUM: ganti senapan realistis jadi senapan energi rakitan
K44	Lolos
K45	BELUM: hapus monokel di potret netral
K46	BELUM: generate ulang, gaya animasi, tanpa tengkorak
K47	Lolos
K48	Lolos
K49	Lolos
K50	Lolos
K51	BELUM: harus lima wajah berbeda
K52	Lolos
K53	Lolos
K54	Lolos
K55	Lolos
K56	Lolos
K57	Lolos
K58	BELUM: generate ulang 3D, bola api tanpa kaki
K59	Lolos
K60	Lolos
K61	Lolos
K62	Lolos
K63	Lolos
K64	BELUM: ganti tongkat dengan jaring ikan
K65	BELUM: hapus tongkat
K66	Lolos
K67	Lolos
